ID,seq
mut005,AATTGTGAGCGGAGAACAATT
mut007,AATTGTGAGCGCATAACAATT
mut008,AATTGTGAGCGGATCACAATT
mut009,AATTGTGAGCGGAAAACAATT
mut010,AATTGCGAGCGGATAACAATT
mut011,AATTGTGAGGGGATAACAATT
mut012,AATTGTGAGCGGATATCAATT
mut013,AATTGTGAGCAGATAACAATT
mut014,AATTGTGAGAGGATAACAATT
mut101,AAATGTGAGCGGGTAACAATT
mut102,AATTGTGAGCGGGTAACAACT
mut103,AAATGTGAGCGGATAACAACT
mut104,AATTGTGAGCGAGTAACAATT
mut105,ATTTGTGAGCGGAGAACAATT
mut107,CATTGTGAGCGCATAACAATT
mut108,AATTGTGAGCGGAACACAATT
mut109,AATTGTGAGCGGAATACAATT
mut110,AATTGCGAGCGGATAACAAAT
mut111,AATTGTGAGGGGATAACAATC
mut201,AAATGTGAGCGAGTAACAATT
mut202,AATTGTGAGCGAATAACAACC
mut203,AAATGTGAGCGAATAACAACT
mut204,AATTGTGAGCGAGTAACAACT
mut205,ATTTGTGAGCGAAGAACAATT
mut207,CATTGTGAGCGCATAACATTT
mut208,AATTGTGAGCGGAACACAATG
mut209,AATTGTGAGCGGGATACAATT
mut210,AATTGCGAGCGGATAACAAAG
mut211,AATTGTGAGGGTATAACAATC
mut301,AAATGTGAGCGAATAACAACC
mut302,AAATGTGAGCGAGTAACAACT
mut303,AAATGTGAGCGGGTAACAACC
mut304,CATTGTGACCGGACAATAAAA
mut305,GACTGTGAGCGGAGCTCAATG